Job Link,Title,Location,Salary,Introduction
https://www.liepin.com/job/1966102057.shtml?pgRef=c_pc_search_page%3Ac_pc_search_job_listcard%402_66102057%3A1%3A07056c21-43dd-4e4c-aebd-2c52c3ab5eaa&d_sfrom=search_prime&d_ckId=null&d_curPage=0&d_pageSize=40&d_headId=null&d_posi=0&skId=h80y2zgr0k54ia8l281jrxoplw127cua&fkId=h80y2zgr0k54ia8l281jrxoplw127cua&ckId=h80y2zgr0k54ia8l281jrxoplw127cua&sfrom=search_job_pc&curPage=0&pageSize=40&index=0,行政专员【呼和浩特-赛罕区】,【呼和浩特-赛罕区】,,"岗位职责
1.负责公司APP的界面设计、icon设计、主题风格设计
2.参与公司APP整体UI规划及创意设计
3.独立完成公司APP的设计

任职资格
1.优秀的美术功底及整体配色
2.具备设计创意理念，高审美、高创意
3.有手绘基础，能够实现插画设计

公司产品：记账鸭app、吾记app、墨记app
能够为我司产品提出更好的设计创意，优先录取

(简历请附上设计作品或作品网址)

员工福利待遇：
1、周末双休，更多的时间享受生活
2、满满的零食和每周下午茶
3、社保、法假、年假该有的我们也有
4、免费健康体检，关爱每一位同学的健康"
https://www.liepin.com/job/1946860629.shtml?pgRef=c_pc_search_page%3Ac_pc_search_job_listcard%402_46860629%3A1%3A07056c21-43dd-4e4c-aebd-2c52c3ab5eaa&d_sfrom=search_prime&d_ckId=null&d_curPage=0&d_pageSize=40&d_headId=null&d_posi=1&skId=h80y2zgr0k54ia8l281jrxoplw127cua&fkId=h80y2zgr0k54ia8l281jrxoplw127cua&ckId=h80y2zgr0k54ia8l281jrxoplw127cua&sfrom=search_job_pc&curPage=0&pageSize=40&index=1,UI设计师助理/UI设计实习【惠州】,【惠州】,,"工作职责
1、制定游戏UI整体视觉风格，完成UI相关的界面设计与图标绘制； 
2、与交互/策划紧密配合，共同优化需求方案，提升玩家体验； 
3、熟悉Unity，与程序对接界面的实现问题以及方案落地； 
4、跟踪UI相关的进度以及质量把控，保质保量完成项目需求； 
5、用户反馈分析：根据用户反馈和游戏数据，及时调整和优化游戏界面，以提高用户满意度和游戏体验。

岗位要求
1、大专及以上学历，美术相关专业毕业，具备5年以上游戏项目经验； 
2、具有丰富的游戏界面设计经验，能独立完成界面中设计需求（元素与图标）等，有完整的项目经验者优先； 
3、具备一定的交互认知，设计产出注重玩家体验；能快速理解项目需求，提出反馈建议并优化落地实现； 
4、对待工作认真负责，具有良好的团队意识，善于沟通与学习； 
5、热爱游戏，具有产品意识，对于游戏产品有较深的认知和理解。

企业背景：核心业务为网络休闲游戏、手机游戏、IOS 游戏等；营收可观，员工福利待遇非常好（节假日礼品奖金、丰厚年终奖等），员工稳定性高。"
https://www.liepin.com/a/53858913.shtml?pgRef=c_pc_search_page%3Ac_pc_search_job_listcard%401_53858913%3A1%3A07056c21-43dd-4e4c-aebd-2c52c3ab5eaa&d_sfrom=search_prime&d_ckId=null&d_curPage=0&d_pageSize=40&d_headId=null&d_posi=2&skId=h80y2zgr0k54ia8l281jrxoplw127cua&fkId=h80y2zgr0k54ia8l281jrxoplw127cua&ckId=h80y2zgr0k54ia8l281jrxoplw127cua&sfrom=search_job_pc&curPage=0&pageSize=40&index=2,资深UI设计/游戏界面设计【北京-海淀区】,【北京-海淀区】,,"1、参与策划对游戏界面的功能分析和讨论，能独立完成游戏界面视觉创意和风格设计；
2、完成相关标志、图标、图素的静态与动态设计与绘制；
3、与策划及相关人员沟通，善于理解和调整方案，最终实现项目开发需求；

岗位要求：
1、热爱游戏，热爱游戏开发工作；
2、美术相关类专业毕业，2年以上相关工作经验；
3、有较强的手绘能力，能独立进行精绘界面中的设计图素和图标；
4、有良好的沟通能力和团队合作精神；
5、能够熟练使用photoshop、Illustrator等相关软件，熟悉Flash者甚佳；"
https://www.liepin.com/job/1918574623.shtml?pgRef=c_pc_search_page%3Ac_pc_search_job_listcard%402_18574623%3A1%3A07056c21-43dd-4e4c-aebd-2c52c3ab5eaa&d_sfrom=search_prime&d_ckId=null&d_curPage=0&d_pageSize=40&d_headId=null&d_posi=3&skId=h80y2zgr0k54ia8l281jrxoplw127cua&fkId=h80y2zgr0k54ia8l281jrxoplw127cua&ckId=h80y2zgr0k54ia8l281jrxoplw127cua&sfrom=search_job_pc&curPage=0&pageSize=40&index=3,游戏界面设计/手游UI设计【广州-天河区】,【广州-天河区】,,"岗位职责：
1. 负责游戏整体UI风格, 品质把控,前期配合整体游戏感受制作UI风格， 
2. 跟进设计效果最终在产品的实现，保证设计品质与实现品质一致；
3. 制定UI制作规范，切图，字号，排版，颜色，通用资源等。

岗位要求：
1. 5年以上游戏UI经验，有过相关专业学历背景或者相关培训机构进行过系统学习,对游戏UI有比较系统化的理解；
2. 热爱游戏，善于思考，对时下各种题材游戏风格有深刻的理解，根据参考游戏举一反三
3. 良好的团队意识和工作态度、沟通能力以及主动沟通的习惯，并且能够给出专业的意见反馈；
4. 有出色的审美品味，并有一定的手绘能力，对unity引擎熟悉；"
https://www.liepin.com/job/1957039369.shtml?pgRef=c_pc_search_page%3Ac_pc_search_job_listcard%402_57039369%3A1%3A07056c21-43dd-4e4c-aebd-2c52c3ab5eaa&d_sfrom=search_prime&d_ckId=null&d_curPage=0&d_pageSize=40&d_headId=null&d_posi=4&skId=h80y2zgr0k54ia8l281jrxoplw127cua&fkId=h80y2zgr0k54ia8l281jrxoplw127cua&ckId=h80y2zgr0k54ia8l281jrxoplw127cua&sfrom=search_job_pc&curPage=0&pageSize=40&index=4,游戏UI设计/游戏界面设计（日韩风）【北京-朝阳区】,【北京-朝阳区】,,"岗位职责：
1.参与产品规划构思和创意过程，设计简洁大方，实用主义，能主导产品前期界面视觉用户研究、设计流行趋势分析和设定整体视觉风格和UI设计；
2.负责为项目提供概念设计方案，配合团队高效完成系统化的设计方案，并推动方案的落地实施；
3.跟进设计效果最终在产品的实现，根据不同需求和信息提供不同的UI设计界面，同时保证设计品质与实现品质一致；
4.参与用户研究及交互的方案讨论，主导项目的视觉设计工作，并持续优化设计上的细节；
5.负责日常的运营活动及功能维护提供设计支持；
6.具有原创设计能力。
职位要求：
1.大学本科及以上学历，3年以上工作经验，熟练使用Photoshop，Illustrator，AI、AE\flash等设计软件等相关制图软件；
2.具有移动端UI设计经验，具备PC端更佳，有制作动画demo经验及手绘原创能力较强者优先考虑；
3.具有丰富的平面界面设计经验以及动态界面设计能力，至少2款完整的项目界面开发经验，具有扎实的美术功底并能独立进行精绘界面中的设计图素与图标、设计造型的能力；
4.拥有较强的概念设计及设计执行能力，能够将产品气质转化为最终界面，并保证良好的用户体验，了解前期用户研究、交互设计以及开发实现相关工作及流程；
5.善于沟通和思考，对于和美学有追求，富有激情，关注细节，具有匠心，突破自己，具备良好合作态度及团队精神，能够承受高强度的工作压力；
6.英语语言课作为工作语言，可沟通可表达能阐述，海外背景优先考虑；"
https://www.liepin.com/job/1965895831.shtml?pgRef=c_pc_search_page%3Ac_pc_search_job_listcard%402_65895831%3A1%3A07056c21-43dd-4e4c-aebd-2c52c3ab5eaa&d_sfrom=search_prime&d_ckId=null&d_curPage=0&d_pageSize=40&d_headId=null&d_posi=5&skId=h80y2zgr0k54ia8l281jrxoplw127cua&fkId=h80y2zgr0k54ia8l281jrxoplw127cua&ckId=h80y2zgr0k54ia8l281jrxoplw127cua&sfrom=search_job_pc&curPage=0&pageSize=40&index=5,UI界面设计师【北京】,【北京】,,"职位描述
1、负责小程序、PC端企业官网、管理后台等项目界面UI设计；
2、界面确定后，上传蓝湖；

任职要求：
1、2年以上互联网UI设计工作经验，有独立完成的PC网页及小程序作品；
2、设计表现能力强，技法娴熟，善于捕捉视觉趋势；
3、具备优秀的界面设计表现力，能输出高等水准的UI设计方案 ；
4、具备优秀的沟通能力，与团队合作能力。能够让团队理解自己的设计意图；"
https://www.liepin.com/job/1961997801.shtml?pgRef=c_pc_search_page%3Ac_pc_search_job_listcard%402_61997801%3A1%3A07056c21-43dd-4e4c-aebd-2c52c3ab5eaa&d_sfrom=search_prime&d_ckId=null&d_curPage=0&d_pageSize=40&d_headId=null&d_posi=6&skId=h80y2zgr0k54ia8l281jrxoplw127cua&fkId=h80y2zgr0k54ia8l281jrxoplw127cua&ckId=h80y2zgr0k54ia8l281jrxoplw127cua&sfrom=search_job_pc&curPage=0&pageSize=40&index=6,UI界面设计师【保定-竞秀区】,【保定-竞秀区】,,"工作职责：
1、负责游戏内UI部分的设计和制作；
2、项目团队配合，参与设计体验、交互呈现；
3、游戏内Icon图片制作；
4、配合项目组绘制其他美术相关工作

职位要求：
1、热爱游戏UI设计，5年以上游戏界面从业经验，至少一款完整的手游项目界面开发经验，主导进行过大型游戏产品界面设计更佳；
2、熟练使用PHOTOSHOP、AI等设计软件，精通游戏界面设计、ICON绘画；
3、具备优秀的专业能力和审美能力，有很强的手绘能力，擅长日韩风格游戏界面的设计的优先；
4、主要看作品质量，能适应各种风格，为人踏实稳定。

注：投递时请附上作品集"
https://www.liepin.com/job/1966103045.shtml?pgRef=c_pc_search_page%3Ac_pc_search_job_listcard%402_66103045%3A1%3A07056c21-43dd-4e4c-aebd-2c52c3ab5eaa&d_sfrom=search_prime&d_ckId=null&d_curPage=0&d_pageSize=40&d_headId=null&d_posi=7&skId=h80y2zgr0k54ia8l281jrxoplw127cua&fkId=h80y2zgr0k54ia8l281jrxoplw127cua&ckId=h80y2zgr0k54ia8l281jrxoplw127cua&sfrom=search_job_pc&curPage=0&pageSize=40&index=7,行政【广州-天河区】,【广州-天河区】,,"做五休二！做五休二！做五休二！外派岗！
外派补贴，加班打车津贴，年终奖等。。。



**需要MMO项目经验，西方魔幻偏写实风格的作品哦！！！




岗位职责：
1.根据游戏项目需求，负责游戏界面设计与制作；
2.负责包括游戏LOGO，字体，游戏界面设计，图标，按钮等设计。



任职资格：
1.艺术类专业毕业；
2.三年以上游戏UI设计经验，有至少一款完整游戏经验，无游戏项目经验者请勿投递，谢谢配合；
3.对游戏交互设计有一定认识，能充分理解策划的需求；
4.有全局和多种游戏风格的把控能力，能适应不同的游戏风格；
5.有良好的色彩感觉与造型能力；"
https://www.liepin.com/job/1946578781.shtml?pgRef=c_pc_search_page%3Ac_pc_search_job_listcard%402_46578781%3A1%3A07056c21-43dd-4e4c-aebd-2c52c3ab5eaa&d_sfrom=search_prime&d_ckId=null&d_curPage=0&d_pageSize=40&d_headId=null&d_posi=8&skId=h80y2zgr0k54ia8l281jrxoplw127cua&fkId=h80y2zgr0k54ia8l281jrxoplw127cua&ckId=h80y2zgr0k54ia8l281jrxoplw127cua&sfrom=search_job_pc&curPage=0&pageSize=40&index=8,游戏界面ui设计师【武汉-洪山区】,【武汉-洪山区】,,"做五休二！做五休二！做五休二！外派岗！
外派补贴，加班打车津贴，年终奖等。。。



**需要MMO项目经验，西方魔幻偏写实风格的作品哦！！！




岗位职责：
1.根据游戏项目需求，负责游戏界面设计与制作；
2.负责包括游戏LOGO，字体，游戏界面设计，图标，按钮等设计。



任职资格：
1.艺术类专业毕业；
2.三年以上游戏UI设计经验，有至少一款完整游戏经验，无游戏项目经验者请勿投递，谢谢配合；
3.对游戏交互设计有一定认识，能充分理解策划的需求；
4.有全局和多种游戏风格的把控能力，能适应不同的游戏风格；
5.有良好的色彩感觉与造型能力；"
https://www.liepin.com/job/1961482669.shtml?pgRef=c_pc_search_page%3Ac_pc_search_job_listcard%402_61482669%3A1%3A07056c21-43dd-4e4c-aebd-2c52c3ab5eaa&d_sfrom=search_prime&d_ckId=null&d_curPage=0&d_pageSize=40&d_headId=null&d_posi=9&skId=h80y2zgr0k54ia8l281jrxoplw127cua&fkId=h80y2zgr0k54ia8l281jrxoplw127cua&ckId=h80y2zgr0k54ia8l281jrxoplw127cua&sfrom=search_job_pc&curPage=0&pageSize=40&index=9,游戏UI界面设计师【上海-宝山区】,【上海-宝山区】,,"职责描述:
1、擅长扁平古风界面，优化界面设计，提升整体UI设计品质
2、负责游戏项目资源管理等工作，保证项目的顺畅开发根据项目计划，按时提交合格的美术设计产物;
3、辅助其他UI设计和UE设计小伙伴，提升工作效率
职位需求:
1、美术和设计相关专业，美术基本功扎实，有游戏UI设计经验热爱游戏和设计行业，对目标市场的审美风格有深刻的理解
2、工作热情，有责任心，具备优秀的沟通协调能力;
3、具备较强的原型制作、精通Photoshop，熟悉Unity引擎。"
https://www.liepin.com/job/1964512943.shtml?pgRef=c_pc_search_page%3Ac_pc_search_job_listcard%402_64512943%3A1%3A07056c21-43dd-4e4c-aebd-2c52c3ab5eaa&d_sfrom=search_prime&d_ckId=null&d_curPage=0&d_pageSize=40&d_headId=null&d_posi=10&skId=h80y2zgr0k54ia8l281jrxoplw127cua&fkId=h80y2zgr0k54ia8l281jrxoplw127cua&ckId=h80y2zgr0k54ia8l281jrxoplw127cua&sfrom=search_job_pc&curPage=0&pageSize=40&index=10,游戏UI界面设计师725326【上海-宝山区】,【上海-宝山区】,,"职位描述：
1. 根据对应世界观和项目要求，设定游戏界面视觉创意.风格；
2. 按照已定界面风格的原形标准，完成各级界面的延续性设计； 制定界面设计规范；
3. 完成界面相关标志.图标.图素的设计与绘制； 根据现有设计风格做铺量设计及特殊界面设计 ；
4. 完成界面相关的动态.动画设计； 对设计完的成界面配合添加动效及引擎实现；
5. 把控设计效果最终在引擎中的实现，保证设计品质与实现品质一致；
6. 有效管理界面资源，对界面编辑器等工具.方法进行合理优化。



任职要求：
1. 大专及以上美术院校或其他相关院校毕业，专业不限，艺术类优先；
2. 具有扎实的美术功底，良好的色彩搭配感.及设计造型的能力；
3. 有较强的手绘能力，能独立进行精绘界面中的设计图素与图标；
4. 从事相关工作3年以上，至少一款完整的端游或3款手游项目界面开发经验，有主导进行大型游戏产品界面设计更佳；
5. 工作态度积极，具有良好的工作协作能力，团队合作精神，善于沟通。"
https://www.liepin.com/job/1964989817.shtml?pgRef=c_pc_search_page%3Ac_pc_search_job_listcard%402_64989817%3A1%3A07056c21-43dd-4e4c-aebd-2c52c3ab5eaa&d_sfrom=search_prime&d_ckId=null&d_curPage=0&d_pageSize=40&d_headId=null&d_posi=11&skId=h80y2zgr0k54ia8l281jrxoplw127cua&fkId=h80y2zgr0k54ia8l281jrxoplw127cua&ckId=h80y2zgr0k54ia8l281jrxoplw127cua&sfrom=search_job_pc&curPage=0&pageSize=40&index=11,游戏UI界面设计师【上海-闵行区】,【上海-闵行区】,,"职位描述：
1. 根据对应世界观和项目要求，设定游戏界面视觉创意.风格；
2. 按照已定界面风格的原形标准，完成各级界面的延续性设计； 制定界面设计规范；
3. 完成界面相关标志.图标.图素的设计与绘制； 根据现有设计风格做铺量设计及特殊界面设计 ；
4. 完成界面相关的动态.动画设计； 对设计完的成界面配合添加动效及引擎实现；
5. 把控设计效果最终在引擎中的实现，保证设计品质与实现品质一致；
6. 有效管理界面资源，对界面编辑器等工具.方法进行合理优化。



任职要求：
1. 大专及以上美术院校或其他相关院校毕业，专业不限，艺术类优先；
2. 具有扎实的美术功底，良好的色彩搭配感.及设计造型的能力；
3. 有较强的手绘能力，能独立进行精绘界面中的设计图素与图标；
4. 从事相关工作3年以上，至少一款完整的端游或3款手游项目界面开发经验，有主导进行大型游戏产品界面设计更佳；
5. 工作态度积极，具有良好的工作协作能力，团队合作精神，善于沟通。"
https://www.liepin.com/a/54188537.shtml?pgRef=c_pc_search_page%3Ac_pc_search_job_listcard%401_54188537%3A1%3A07056c21-43dd-4e4c-aebd-2c52c3ab5eaa&d_sfrom=search_prime&d_ckId=null&d_curPage=0&d_pageSize=40&d_headId=null&d_posi=12&skId=h80y2zgr0k54ia8l281jrxoplw127cua&fkId=h80y2zgr0k54ia8l281jrxoplw127cua&ckId=h80y2zgr0k54ia8l281jrxoplw127cua&sfrom=search_job_pc&curPage=0&pageSize=40&index=12,UI界面设计师【上海】,【上海】,,"职位描述：
1. 根据对应世界观和项目要求，设定游戏界面视觉创意.风格；
2. 按照已定界面风格的原形标准，完成各级界面的延续性设计； 制定界面设计规范；
3. 完成界面相关标志.图标.图素的设计与绘制； 根据现有设计风格做铺量设计及特殊界面设计 ；
4. 完成界面相关的动态.动画设计； 对设计完的成界面配合添加动效及引擎实现；
5. 把控设计效果最终在引擎中的实现，保证设计品质与实现品质一致；
6. 有效管理界面资源，对界面编辑器等工具.方法进行合理优化。



任职要求：
1. 大专及以上美术院校或其他相关院校毕业，专业不限，艺术类优先；
2. 具有扎实的美术功底，良好的色彩搭配感.及设计造型的能力；
3. 有较强的手绘能力，能独立进行精绘界面中的设计图素与图标；
4. 从事相关工作3年以上，至少一款完整的端游或3款手游项目界面开发经验，有主导进行大型游戏产品界面设计更佳；
5. 工作态度积极，具有良好的工作协作能力.团队合作精神，善于沟通；
【重要】投递时请发送最新设计作品集"
https://www.liepin.com/a/54188503.shtml?pgRef=c_pc_search_page%3Ac_pc_search_job_listcard%401_54188503%3A1%3A07056c21-43dd-4e4c-aebd-2c52c3ab5eaa&d_sfrom=search_prime&d_ckId=null&d_curPage=0&d_pageSize=40&d_headId=null&d_posi=13&skId=h80y2zgr0k54ia8l281jrxoplw127cua&fkId=h80y2zgr0k54ia8l281jrxoplw127cua&ckId=h80y2zgr0k54ia8l281jrxoplw127cua&sfrom=search_job_pc&curPage=0&pageSize=40&index=13,UI界面设计师【杭州】,【杭州】,,"岗位职责
1、负责游戏界面设计的整体视觉风格设定；
2、游戏主界面和功能界面UI设计；
3、游戏ICON、LOGO、图标等游戏元素设计；
4、与项目团队配合，参与设计体验，对UI效果进行改进

职位描述
1、有一定的手绘能力，能完成手绘图片、flash的设计制作；
2、熟练使用Photoshop/Flash/Illustrator等设计软件，具有扎实的美术设计，理论与绘画能力；
3、对设计趋势敏感，把握时代前沿，对产品用户体验富有创造力和责任感，有游戏ui制作经验，热爱游戏；
4、投递简历请附带作品

其他福利
1、入职购买五险一金，周末双休，法定节假日正常休息；
2、每周两次的下午茶供应，不定期聚餐、团建等活动，各种节假日生日福利应有尽有；
3、项目稳定，个人大会空间大，领导nice；
4、年终奖，项目奖金，每年可享受两次的调薪机会。"
https://www.liepin.com/job/1961971287.shtml?pgRef=c_pc_search_page%3Ac_pc_search_job_listcard%402_61971287%3A1%3A07056c21-43dd-4e4c-aebd-2c52c3ab5eaa&d_sfrom=search_prime&d_ckId=null&d_curPage=0&d_pageSize=40&d_headId=null&d_posi=14&skId=h80y2zgr0k54ia8l281jrxoplw127cua&fkId=h80y2zgr0k54ia8l281jrxoplw127cua&ckId=h80y2zgr0k54ia8l281jrxoplw127cua&sfrom=search_job_pc&curPage=0&pageSize=40&index=14,UI界面设计师【杭州-余杭区】,【杭州-余杭区】,,"职责描述：
1.配合脚本需求，完成相关的课件PC端UI界面设计；
2.有美术基础，会手绘板；
3.能够独立将设计完成，逻辑思维能力强。
任职要求：
1.大专以上学历，有UI设计、平面设计工作经验；
2.要有手绘和插画功底；
3.有个人作品或以个人为主导的集体创作作品；
4.熟练使用Ai、PS、AN、ID等绘图软件，能独立完成课件界面制作和相关美术制作；
5.善于与人沟通，良好的团队合作精神和高度的责任感，能够承受压力，有创新精神，保证
工作质量；
6.有教育行业设计工作经验者优先。
注：有意向者需作品链接"
https://www.liepin.com/job/1961013525.shtml?pgRef=c_pc_search_page%3Ac_pc_search_job_listcard%402_61013525%3A1%3A07056c21-43dd-4e4c-aebd-2c52c3ab5eaa&d_sfrom=search_prime&d_ckId=null&d_curPage=0&d_pageSize=40&d_headId=null&d_posi=15&skId=h80y2zgr0k54ia8l281jrxoplw127cua&fkId=h80y2zgr0k54ia8l281jrxoplw127cua&ckId=h80y2zgr0k54ia8l281jrxoplw127cua&sfrom=search_job_pc&curPage=0&pageSize=40&index=15,游戏界面UI设计师【武汉-洪山区】,【武汉-洪山区】,,"岗位职责：
    1、独立完成所需的游戏UI界面设计，以及次级界面的延续；
    2、能绘制完成游戏所需的icon(道具，技能等)，字体，Logo等；
    3、与项目团队配合，完成界面的延展设计，UI效果优化改进；
任职要求：
   1、两年以上的游戏UI设计经验，具有优秀的审美能力，有项目研发经验优先；
   2、热爱游戏，熟练使用Photoshop等相关软件，具有良好的手绘能力；
   3、具备良好的沟通表达协调能力，良好的团队合作精神，能很好的与他人协同完成工作
  4、投递需有作品展示（发送至邮箱备注姓名+岗位）



任职要求："
https://www.liepin.com/job/1926032497.shtml?pgRef=c_pc_search_page%3Ac_pc_search_job_listcard%402_26032497%3A1%3A07056c21-43dd-4e4c-aebd-2c52c3ab5eaa&d_sfrom=search_prime&d_ckId=null&d_curPage=0&d_pageSize=40&d_headId=null&d_posi=16&skId=h80y2zgr0k54ia8l281jrxoplw127cua&fkId=h80y2zgr0k54ia8l281jrxoplw127cua&ckId=h80y2zgr0k54ia8l281jrxoplw127cua&sfrom=search_job_pc&curPage=0&pageSize=40&index=16,游戏界面ui设计师【天津-河西区】,【天津-河西区】,,"公司福利：
1、薪酬11000-20000元/月（能力够强上不封顶！）；
2.双休，工作时间：9：30-18：00；
3.购买五险一金、法定节假日；
4．零食下午茶+不定期团建+加班补贴+全勤奖+绩效奖金+年终十三薪等。

二、职位描述
1、按照已定界面风格的原形标准，完成各次级界面的延续性设计；
2、负责各类图标、ICON、banner等UI设计；
3、及时按质按量完成上级安排的其它工作任务。

任职要求：
1、美术绘画类专业毕业，具备精修的美术功底和手绘能力！！
2、有游戏行业经验，精通游戏界面设计，ICON绘画，注重玩家交互体验设计者优先；
3、有较好的审美，设计表现和想象力，准确理解工作需求，做事细心、有责任心、思路严谨，高效完成；
4、好的沟通能力，可以清晰表达自己的设计意图与理念；
5、熟悉使用PS等相关制作软件；
6、有游戏外包公司工作经验优先；
7、有动漫手绘，游戏原画能力者优先。
       
提交测试后，三个工作日没回复，表明没通过，希望能理解。（外包公司）"
https://www.liepin.com/job/1938909237.shtml?pgRef=c_pc_search_page%3Ac_pc_search_job_listcard%402_38909237%3A1%3A07056c21-43dd-4e4c-aebd-2c52c3ab5eaa&d_sfrom=search_prime&d_ckId=null&d_curPage=0&d_pageSize=40&d_headId=null&d_posi=17&skId=h80y2zgr0k54ia8l281jrxoplw127cua&fkId=h80y2zgr0k54ia8l281jrxoplw127cua&ckId=h80y2zgr0k54ia8l281jrxoplw127cua&sfrom=search_job_pc&curPage=0&pageSize=40&index=17,游戏ui界面设计师【成都-高新区】,【成都-高新区】,,"公司福利：
1、薪酬8000-11000元/月（能力够强上不封顶！）；
2.双休，工作时间：9：30-18：00；
3.购买五险一金、法定节假日；
4．零食下午茶+不定期团建+加班补贴+全勤奖+绩效奖金+年终十三薪等。

二、职位描述
1、按照已定界面风格的原形标准，完成各次级界面的延续性设计；
2、负责各类图标、ICON、banner等UI设计；
3、及时按质按量完成上级安排的其它工作任务。

任职要求：
1、美术相关专业毕业优先，有扎实的美术功底和手绘能力可放宽条件；
2、有游戏行业经验，精通游戏界面设计，ICON绘画，注重玩家交互体验设计者优先；
3、有较好的审美，设计表现和想象力，准确理解工作需求，做事细心、有责任心、思路严谨，高效完成；
4、好的沟通能力，可以清晰表达自己的设计意图与理念；
5、熟悉使用PS等相关制作软件；
6、有游戏外包公司工作经验优先；
7、有动漫手绘，游戏原画能力者优先。
       
提交测试后，三个工作日没回复，表明没通过，希望能理解。（外包公司）"
https://www.liepin.com/job/1965119225.shtml?pgRef=c_pc_search_page%3Ac_pc_search_job_listcard%402_65119225%3A1%3A07056c21-43dd-4e4c-aebd-2c52c3ab5eaa&d_sfrom=search_prime&d_ckId=null&d_curPage=0&d_pageSize=40&d_headId=null&d_posi=18&skId=h80y2zgr0k54ia8l281jrxoplw127cua&fkId=h80y2zgr0k54ia8l281jrxoplw127cua&ckId=h80y2zgr0k54ia8l281jrxoplw127cua&sfrom=search_job_pc&curPage=0&pageSize=40&index=18,资深游戏界面UI设计师【重庆-渝北区】,【重庆-渝北区】,,"职位详情：
1.负责游戏主界面和功能界面UI设计，把控游戏的整体风格；擅长多种欧美游戏风格；
2.游戏ICON、LOGO、图标等游戏元素设计及制作；
3.对游戏UI、UE进行持续设计优化;提升视觉体验与交互体验；设计UI动效；
4.有限管理界面资源，对界面编辑等工具、方法进行合理优化；
5.有网页设计能力，了解区块链；
任职要求：
1.3年以上游UI设计经验；美术院系毕业。
2.擅长全球化休闲卡通欧美风格，善于沟通、合作，关注用户体验细节，有较强的理解力和出色的沟通、执行能力；产品需求文档的优秀视觉表现设计；
3.熟练使用Adobe Photoshop或其他数码绘画软件。
4.参与过unity3D.COCOS项目优先
双休，社保

 

提供作品与简历"
https://www.liepin.com/job/1965118671.shtml?pgRef=c_pc_search_page%3Ac_pc_search_job_listcard%402_65118671%3A1%3A07056c21-43dd-4e4c-aebd-2c52c3ab5eaa&d_sfrom=search_prime&d_ckId=null&d_curPage=0&d_pageSize=40&d_headId=null&d_posi=19&skId=h80y2zgr0k54ia8l281jrxoplw127cua&fkId=h80y2zgr0k54ia8l281jrxoplw127cua&ckId=h80y2zgr0k54ia8l281jrxoplw127cua&sfrom=search_job_pc&curPage=0&pageSize=40&index=19,高级游戏界面UI设计师【重庆-渝北区】,【重庆-渝北区】,,"岗位职责：
1、根据策划与主美需求绘制界面，设计游戏整体界面风格
2、按照已定的风格和标准，设计完成其它功能界面
3、和客户端合作，输出规范文件并对最终界面效果进行跟进
4、负责游戏里的界面图标和技能Icon设计
5、负责游戏的宣传图设计
职位要求
1、美术、平面设计相关专业，有至少一年游戏UI设计经验，有游戏UI设计作品。
2、精通Photoshop、，unity，Flash等常用软件。
3、具备扎实的美术基础，较强的手绘能力，独特的创意，良好的审美观、设计理念和用户体验。
ＰＳ：要求从事游戏UI一年以上，非游戏UI暂不考虑，谢谢"
https://www.liepin.com/job/1960180773.shtml?pgRef=c_pc_search_page%3Ac_pc_search_job_listcard%402_60180773%3A1%3A07056c21-43dd-4e4c-aebd-2c52c3ab5eaa&d_sfrom=search_prime&d_ckId=null&d_curPage=0&d_pageSize=40&d_headId=null&d_posi=20&skId=h80y2zgr0k54ia8l281jrxoplw127cua&fkId=h80y2zgr0k54ia8l281jrxoplw127cua&ckId=h80y2zgr0k54ia8l281jrxoplw127cua&sfrom=search_job_pc&curPage=0&pageSize=40&index=20,游戏UI界面设计师【西安-经开区】,【西安-经开区】,,"岗位职责：
1.负责公司产品的设计和宣传设计，并能根据产品设计师的策划文档和原型设计，进行产品视觉设计美化；
2.WEB应用、移动应用、桌面应用的界面相关图形设计工作；
3.把握产品的定位和用户定位，通过细节的创意，超越用户的想象；
4.协助运营部门活动及开发人员进行相应的专题页面制作和设计；
5.根据功能规划和交互设计，完成视觉风格定义，界面设计及运营设计；
6.协调团队间工作上的问题,充分调动团队的创意能力及创意效果,处理紧急项目的能力。
7.统筹UI风格和分配任务；
8.和策划沟通功能上的实现，加强用户的体验；
9.提高整个UI团队的能力
职位要求：
1、三年以上相关工作经验，有管理过团队或是把控整个项目的UI者为优先考虑；
2、有扎实的美术功底和丰富的想象力；
3、对UE有较强的经验和理解，在功能的实现和用户的体验极为敏感，热爱玩各种手游；
4、沟通能力较强，责任心强，有较强的口头表达能力；
5、拥有一定的管理与分配能力"
https://www.liepin.com/job/1917924591.shtml?pgRef=c_pc_search_page%3Ac_pc_search_job_listcard%402_17924591%3A1%3A07056c21-43dd-4e4c-aebd-2c52c3ab5eaa&d_sfrom=search_prime&d_ckId=null&d_curPage=0&d_pageSize=40&d_headId=null&d_posi=21&skId=h80y2zgr0k54ia8l281jrxoplw127cua&fkId=h80y2zgr0k54ia8l281jrxoplw127cua&ckId=h80y2zgr0k54ia8l281jrxoplw127cua&sfrom=search_job_pc&curPage=0&pageSize=40&index=21,游戏UI界面设计师【上海-徐汇区】,【上海-徐汇区】,,"工作职责：
1、负责公司产品的整体视觉风格设计，负责课程系统PC端、移动端界面图形设计；
2、根据交互定义和产品功能，完成图形设计及风格、材质、基本元素设定；
3、输出界面设计资源，对现有产品进行视觉图形优化，并对最终效果实现进行跟进和延续性设计工作；
4、参与产品设计讨论，和开发团队共同创建用户界面，提出设计优化方案；
5、完成上级交代的其他任务。

岗位要求：                  
1、美术、设计相关专业毕业，大专及以上学历；
2、扎实的美术基础，优秀的创意和视觉设计能力，高效的执行力；
3、熟练掌握各类图形设计软件（PS, AI等）创作产品界面及图形；
4、2年以上手机端、PC端图形设计相关经验，且有成功案例；
5、工作态度认真。
6、有教育相关背景者优先考虑。


三 上班时间：

9：00-12：00， 13：30-18：00，周末双休，享受国家法定节假日。

四 上班地点：

南沙区南沙科技馆寰讯智慧港2楼全层（4号线南沙客运港附近）。

1、公司2楼有1万多平方米，办公环境宽敞明亮。工作氛围轻松，自我管理，良好的发展空间和晋升机会。
2、有高级餐厅，有餐补，午餐5元/餐。
3、有健身俱乐部。
4、有免费停车场。"
https://www.liepin.com/job/1939966599.shtml?pgRef=c_pc_search_page%3Ac_pc_search_job_listcard%402_39966599%3A1%3A07056c21-43dd-4e4c-aebd-2c52c3ab5eaa&d_sfrom=search_prime&d_ckId=null&d_curPage=0&d_pageSize=40&d_headId=null&d_posi=22&skId=h80y2zgr0k54ia8l281jrxoplw127cua&fkId=h80y2zgr0k54ia8l281jrxoplw127cua&ckId=h80y2zgr0k54ia8l281jrxoplw127cua&sfrom=search_job_pc&curPage=0&pageSize=40&index=22,ui界面设计师【厦门】,【厦门】,,"职责描述：

1.根据游戏题材设定游戏界面视觉创意、风格；
2.按照已定界面风格的原形标准，完成各级界面的延续性设计；
3.完成界面相关标志.图标.图素的设计与绘制；
4.跟进设计效果最终在产品的实现，保证设计品质与实现品质一致；
5.有效管理界面资源，对界面编辑器等工具.方法进行合理优化。


任职要求：
1.大专及以上美术院校或其他相关院校毕业，专业不限；
2.具有扎实的美术功底，良好的色彩搭配感.及设计造型的能力；
3.有较强的手绘能力，能独立进行精绘界面中的设计图素与图标，对游戏UI用户体验有充分了解；
4.熟练使用Photoshop，Illustrator等相关制图软件；
5.3年以上游戏设计经验，至少独立负责过一款手游产品的UI设计工作；
6.热爱游戏事业，关注行业变化；
7.工作态度积极，具有良好的工作协作能力.团队合作精神，善于沟通；"
https://www.liepin.com/job/1950768009.shtml?pgRef=c_pc_search_page%3Ac_pc_search_job_listcard%402_50768009%3A1%3A07056c21-43dd-4e4c-aebd-2c52c3ab5eaa&d_sfrom=search_prime&d_ckId=null&d_curPage=0&d_pageSize=40&d_headId=null&d_posi=23&skId=h80y2zgr0k54ia8l281jrxoplw127cua&fkId=h80y2zgr0k54ia8l281jrxoplw127cua&ckId=h80y2zgr0k54ia8l281jrxoplw127cua&sfrom=search_job_pc&curPage=0&pageSize=40&index=23,游戏界面ui设计师【广州-南沙区】,【广州-南沙区】,,"岗位职责
1.配合产品经理对软件界面进行优化，提高美观性和用户体验；
2.负责软件界面的美术设计、创意工作和制作工作（如软件配色、布局、控件选择等）；
3.指导开发人员进行界面规范和优化；
4.完成上级安排的合理工作。



任职要求
1.本科及以上学历，美术、设计或其他相关专业，工业设计专业优先；
2.具有良好的美术功底和设计表现力，熟练使用相关设计软件；
3.具有工业软件界面设计经验者优先；
4.具备良好团队合作精神、责任感和工作热情，富有创新精神，具有一定的抗压能力。"
https://www.liepin.com/job/1942759147.shtml?pgRef=c_pc_search_page%3Ac_pc_search_job_listcard%402_42759147%3A1%3A07056c21-43dd-4e4c-aebd-2c52c3ab5eaa&d_sfrom=search_prime&d_ckId=null&d_curPage=0&d_pageSize=40&d_headId=null&d_posi=24&skId=h80y2zgr0k54ia8l281jrxoplw127cua&fkId=h80y2zgr0k54ia8l281jrxoplw127cua&ckId=h80y2zgr0k54ia8l281jrxoplw127cua&sfrom=search_job_pc&curPage=0&pageSize=40&index=24,游戏界面ui设计师【上海-浦东新区】,【上海-浦东新区】,,"岗位职责：
1.配合产品经理对软件界面进行优化，提高美观性和用户体验；
2.负责软件界面的美术设计、创意工作和制作工作（如界面布局、配色、图标、控件等）；
3.指导开发人员进行界面规范和优化；
4.完成上级安排的合理工作。
任职资格：
1.本科及以上学历，美术、设计或其他相关专业，工业设计专业优先；
2.具有良好的美术功底和设计表现力，熟练使用相关设计软件；
3.具有工业软件界面设计经验者优先；
4.具备良好团队合作精神、责任感和工作热情，富有创新精神，具有一定的抗压能力。"
https://www.liepin.com/job/1962448855.shtml?pgRef=c_pc_search_page%3Ac_pc_search_job_listcard%402_62448855%3A1%3A07056c21-43dd-4e4c-aebd-2c52c3ab5eaa&d_sfrom=search_prime&d_ckId=null&d_curPage=0&d_pageSize=40&d_headId=null&d_posi=25&skId=h80y2zgr0k54ia8l281jrxoplw127cua&fkId=h80y2zgr0k54ia8l281jrxoplw127cua&ckId=h80y2zgr0k54ia8l281jrxoplw127cua&sfrom=search_job_pc&curPage=0&pageSize=40&index=25,CAE软件界面UI设计师【长沙-岳麓区】,【长沙-岳麓区】,,"职责说明：

1.深入了解产品，根据产品特性及需求负责游戏界面的视觉创意概念包装和风格设定，并能有效推动落地;

2.按照已定界面风格的原形标准，能够落地各级界面的延续性设计，并能负责已定风格游戏界面的后续优化和规范指导输出；

3.负责产品界面风格视觉方向及细节把控，确保设计品质与落地实现品质一致；

4.制定产品设计规范，优化工作流程，有效管理界面资源，对界面编辑器等工具方法进行合理优化；

5.与程序、策划等多个职能岗位共同协作优化方案提升游戏界面整体品质。


任职要求：

1.5年以上的游戏界面设计经验，热爱游戏，注重游戏体验；

2.关注行业动态，能紧跟当下视觉潮流，有较好的审美能力；

3.至少有过一款大型商业化手游项目经验；有多款完整研发上线游戏项目者、有卡牌类游戏完整研发上线经验者优先；

4.具备较强的沟通表达能力，拥有积极的团队合作精神，有主人翁意识，抗压力强

5.投递简历请附作品。"
https://www.liepin.com/job/1964585273.shtml?pgRef=c_pc_search_page%3Ac_pc_search_job_listcard%402_64585273%3A1%3A07056c21-43dd-4e4c-aebd-2c52c3ab5eaa&d_sfrom=search_prime&d_ckId=null&d_curPage=0&d_pageSize=40&d_headId=null&d_posi=26&skId=h80y2zgr0k54ia8l281jrxoplw127cua&fkId=h80y2zgr0k54ia8l281jrxoplw127cua&ckId=h80y2zgr0k54ia8l281jrxoplw127cua&sfrom=search_job_pc&curPage=0&pageSize=40&index=26,CAE软件界面UI设计师【深圳-龙岗区】,【深圳-龙岗区】,,负责公司平面、小程序、APP界面设计、
https://www.liepin.com/job/1962055467.shtml?pgRef=c_pc_search_page%3Ac_pc_search_job_listcard%402_62055467%3A1%3A07056c21-43dd-4e4c-aebd-2c52c3ab5eaa&d_sfrom=search_prime&d_ckId=null&d_curPage=0&d_pageSize=40&d_headId=null&d_posi=27&skId=h80y2zgr0k54ia8l281jrxoplw127cua&fkId=h80y2zgr0k54ia8l281jrxoplw127cua&ckId=h80y2zgr0k54ia8l281jrxoplw127cua&sfrom=search_job_pc&curPage=0&pageSize=40&index=27,资深游戏UI界面设计师【杭州-余杭区】,【杭州-余杭区】,,"岗位职责：
1.根据业务和产品经理需求，独立完成产品UI方案设计；
2.基于已立项产品，开发过程中调整产品UI设计转化，严格把控设计细节质量;
3.跨部门、跨单位沟通与协调，协助产品按时按质交付上市;
4.基于市场和外部趋势，参与UI设计趋势分析和制作;
5.基于产品和技术规划，参与制定UI设计策略和规划。
任职要求:
1.统招本科，平面视觉传达设计或者相关设计专业;
2.5至10年UI设计工作经验；有家电行业设计经验优先；独立负责过产品UI设计和转化上市;
3.深入了解行业趋势，熟悉家电行业优先；熟悉UI设计以及相关产品UI设计开发流程；熟练掌握各种UI设计软件，可以很好完成UI设计方案输出;
4.优秀的沟通、协调及分析能力；良好的学习能力；对用户和市场有深入的洞察力."
https://www.liepin.com/job/1939901463.shtml?pgRef=c_pc_search_page%3Ac_pc_search_job_listcard%402_39901463%3A1%3A07056c21-43dd-4e4c-aebd-2c52c3ab5eaa&d_sfrom=search_prime&d_ckId=null&d_curPage=0&d_pageSize=40&d_headId=null&d_posi=28&skId=h80y2zgr0k54ia8l281jrxoplw127cua&fkId=h80y2zgr0k54ia8l281jrxoplw127cua&ckId=h80y2zgr0k54ia8l281jrxoplw127cua&sfrom=search_job_pc&curPage=0&pageSize=40&index=28,ui界面设计师【贵阳-南明区】,【贵阳-南明区】,,"职位描述
1.负责公司游戏产品的UI风格的创意设计以及面板的动效设计； 2.能在游戏中实现自己的UI设计； 
3.负责已定风格UI的后续设计和规范输出； 
4.对最终效果的UI设计进行跟踪修改；
5.与策划沟通，按需完成设计。 
岗位要求： 
1.3年以上的游戏UI设计经验； 
2.要求至少有过一款大型商业化手游项目经验； 
3.有多款完整研发上线游戏项目者优先。
4.投递简历请附作品。"
https://www.liepin.com/job/1963152459.shtml?pgRef=c_pc_search_page%3Ac_pc_search_job_listcard%402_63152459%3A1%3A07056c21-43dd-4e4c-aebd-2c52c3ab5eaa&d_sfrom=search_prime&d_ckId=null&d_curPage=0&d_pageSize=40&d_headId=null&d_posi=29&skId=h80y2zgr0k54ia8l281jrxoplw127cua&fkId=h80y2zgr0k54ia8l281jrxoplw127cua&ckId=h80y2zgr0k54ia8l281jrxoplw127cua&sfrom=search_job_pc&curPage=0&pageSize=40&index=29,UI界面设计师【佛山-顺德区】,【佛山-顺德区】,,"职责描述：
1. 对展厅/展会多媒体展项的整体美术风格、交互设计、界面结构、操作流程等做出设计；
2. 负责项目中各种交互界面、图标、按钮等相关元素的设计与制作；
3. 能积极与开发沟通，推进界面及交互设计的最终实现；
4. 根据用户群，提出构思新颖、有高度吸引力的创意设计；
5. 对页面进行优化，使用户操作更趋于人性化；
6. 维护现有的应用产品。

任职要求：
1. 需要有一定的创意与想法（脑洞要大，要敢想），具备手绘功底，必须艺术专业毕业；
2. 能够快速高效的理解客户需求，能够对设计做出很好的分析； 
3. 设计出来的东西必须要有自己的设计想法/理念，并且思路清晰的传达；
4. 能适应一般强度的加班，阶段性的汇报能力；
5. 精通各类平面制作软件（ps，ai等），各类三维软件会操作的优先； 
6. 对数据可视化交互界面、应用展示app，页面有一定了解的。"
https://www.liepin.com/job/1959993053.shtml?pgRef=c_pc_search_page%3Ac_pc_search_job_listcard%402_59993053%3A1%3A07056c21-43dd-4e4c-aebd-2c52c3ab5eaa&d_sfrom=search_prime&d_ckId=null&d_curPage=0&d_pageSize=40&d_headId=null&d_posi=30&skId=h80y2zgr0k54ia8l281jrxoplw127cua&fkId=h80y2zgr0k54ia8l281jrxoplw127cua&ckId=h80y2zgr0k54ia8l281jrxoplw127cua&sfrom=search_job_pc&curPage=0&pageSize=40&index=30,游戏UI界面设计师【杭州-拱墅区】,【杭州-拱墅区】,,"岗位职责：
1.负责公司媒体交易侧产品的UI设计工作
2.和产品交互一起沟通想法构思设计，并能够灵活提供视觉解决方案
3.跟踪设计效果及开发还原度，关注产品数据变化，根据数据调整优化设计方案
4.能够快速响应处理紧急问题及设计难点，并高效的给出设计方案
5.设计规范化&方法论建设，确保体验及规范的一致性
要求：
1.2年以上UI设计经验
2.具有较强的界面和Icon表现能力；重视细节，关注设计趋势，能用设计准确表达想法
3.善于沟通，了解业务，自我驱动力强，较好的团队合作能力
4.能高效理解产品和交互设计思路，敏锐判断视觉设计的可行性
5.熟练掌握Sketch及ps等相关设计工具"
https://www.liepin.com/job/1941508797.shtml?pgRef=c_pc_search_page%3Ac_pc_search_job_listcard%402_41508797%3A1%3A07056c21-43dd-4e4c-aebd-2c52c3ab5eaa&d_sfrom=search_prime&d_ckId=null&d_curPage=0&d_pageSize=40&d_headId=null&d_posi=31&skId=h80y2zgr0k54ia8l281jrxoplw127cua&fkId=h80y2zgr0k54ia8l281jrxoplw127cua&ckId=h80y2zgr0k54ia8l281jrxoplw127cua&sfrom=search_job_pc&curPage=0&pageSize=40&index=31,ui界面设计师【南京-雨花台区】,【南京-雨花台区】,,"岗位职责：
1.负责产品的UI设计工作
2.和产品交互一起沟通想法构思设计，并能够灵活提供视觉解决方案
3.跟踪设计效果及开发还原度，关注产品数据变化，根据数据调整优化设计方案
4.能够快速响应处理紧急问题及设计难点，并高效的给出设计方案
5.设计规范化&方法论建设，确保体验及规范的一致性
要求：
1.2年以上UI设计经验
2.具有较强的界面和Icon表现能力；重视细节，关注设计趋势，能用设计准确表达想法
3.善于沟通，了解业务，自我驱动力强，较好的团队合作能力
4.能高效理解产品和交互设计思路，敏锐判断视觉设计的可行性
5.熟练掌握AI、Axure、3Dmax、XD、及PS等相关设计工具"
https://www.liepin.com/job/1956703563.shtml?pgRef=c_pc_search_page%3Ac_pc_search_job_listcard%402_56703563%3A1%3A07056c21-43dd-4e4c-aebd-2c52c3ab5eaa&d_sfrom=search_prime&d_ckId=null&d_curPage=0&d_pageSize=40&d_headId=null&d_posi=32&skId=h80y2zgr0k54ia8l281jrxoplw127cua&fkId=h80y2zgr0k54ia8l281jrxoplw127cua&ckId=h80y2zgr0k54ia8l281jrxoplw127cua&sfrom=search_job_pc&curPage=0&pageSize=40&index=32,UI界面设计师【深圳-坪山区】,【深圳-坪山区】,,"智慧能源管理系统

岗位职责：
1.负责公司产品的UI设计工作
2.和产品交互一起沟通想法构思设计，并能够灵活提供视觉解决方案
3.跟踪设计效果及开发还原度，关注产品数据变化，根据数据调整优化设计方案
4.能够快速响应处理紧急问题及设计难点，并高效的给出设计方案
5.设计规范化&方法论建设，确保体验及规范的一致性
要求：
1.2年以上UI设计经验
2.具有较强的界面和Icon表现能力；重视细节，关注设计趋势，能用设计准确表达想法
3.善于沟通，了解业务，自我驱动力强，较好的团队合作能力
4.能高效理解产品和交互设计思路，敏锐判断视觉设计的可行性
5.熟练掌握Sketch及ps等相关设计工具"
https://www.liepin.com/job/1934841549.shtml?pgRef=c_pc_search_page%3Ac_pc_search_job_listcard%402_34841549%3A1%3A07056c21-43dd-4e4c-aebd-2c52c3ab5eaa&d_sfrom=search_prime&d_ckId=null&d_curPage=0&d_pageSize=40&d_headId=null&d_posi=33&skId=h80y2zgr0k54ia8l281jrxoplw127cua&fkId=h80y2zgr0k54ia8l281jrxoplw127cua&ckId=h80y2zgr0k54ia8l281jrxoplw127cua&sfrom=search_job_pc&curPage=0&pageSize=40&index=33,ui界面设计师【太原】,【太原】,,"岗位职责：
1.负责公司产品的UI设计工作
2.和产品交互一起沟通想法构思设计，并能够灵活提供视觉解决方案
3.跟踪设计效果及开发还原度，关注产品数据变化，根据数据调整优化设计方案
4.能够快速响应处理紧急问题及设计难点，并高效的给出设计方案
5.设计规范化&方法论建设，确保体验及规范的一致性
要求：
1.1年以上UI设计经验
2.具有较强的界面和Icon表现能力；重视细节，关注设计趋势，能用设计准确表达想法
3.善于沟通，了解业务，自我驱动力强，较好的团队合作能力
4.能高效理解产品和交互设计思路，敏锐判断视觉设计的可行性
5.熟练掌握ps等相关设计工具"
https://www.liepin.com/job/1936767525.shtml?pgRef=c_pc_search_page%3Ac_pc_search_job_listcard%402_36767525%3A1%3A07056c21-43dd-4e4c-aebd-2c52c3ab5eaa&d_sfrom=search_prime&d_ckId=null&d_curPage=0&d_pageSize=40&d_headId=null&d_posi=34&skId=h80y2zgr0k54ia8l281jrxoplw127cua&fkId=h80y2zgr0k54ia8l281jrxoplw127cua&ckId=h80y2zgr0k54ia8l281jrxoplw127cua&sfrom=search_job_pc&curPage=0&pageSize=40&index=34,ui界面设计师【杭州】,【杭州】,,"岗位职责:
1、负责设计游戏的功能界面；
2、负责游戏里的图标设计、游戏LOGO；
3、完成上级安排的其他设计需求。


任职要求:
1、一年以上游戏UI设计经验，美术相关专业优先；
2、美术基础较好,精通Photoshop等常用软件，有手绘经验更佳；
3、热爱游戏，具备较强的责任心及团队协作精神，善于沟通。"
https://www.liepin.com/job/1934280937.shtml?pgRef=c_pc_search_page%3Ac_pc_search_job_listcard%402_34280937%3A1%3A07056c21-43dd-4e4c-aebd-2c52c3ab5eaa&d_sfrom=search_prime&d_ckId=null&d_curPage=0&d_pageSize=40&d_headId=null&d_posi=35&skId=h80y2zgr0k54ia8l281jrxoplw127cua&fkId=h80y2zgr0k54ia8l281jrxoplw127cua&ckId=h80y2zgr0k54ia8l281jrxoplw127cua&sfrom=search_job_pc&curPage=0&pageSize=40&index=35,ui界面设计师【南通-崇川区】,【南通-崇川区】,,"工作职责：
1、负责产品的交互设计，输出交互原型图、流程图、用户体验方案、视觉交互逻辑说明书编写；
2、负责用户研究、趋势分析，市场调研，跟进产品的使用体验，跟踪产品的用户体验效果数据，对产品进行交互分析，提交使用感受报告；
3、负责公司设备端、web、app等UI设计，包括界面、图标、动画、后期设计制作输出跟进等工作，能准确理解设计意图，对布局及配色有自己的独到见解；
4、负责公司线上或线下宣传物料的海报、PPT美化、产品图美化、相关印刷包装物等平面设计排版工作

5、负责对设计方案进行分类归档；
6、完成领导交办的其他工作。
能力要求：
1、本科及以上学历，3年工作经验。有知名设计公司工作经验者优先；
2、精通主流办公软件office系列，精通PPT设计；
3、精通一款UI平面设计软件（AI、XD、CDR）；
4、精通一款图片处理软件（PS）；
5、精通一款3D渲染软件（不限）；
具有较强的自主学习能力，能熟练使用各种办公软件，团队合作精神，并具有较好的沟通协调和组织能力。
加分项
1、会平面设计和产品设计
2、会剪辑视频"
https://www.liepin.com/job/1933976771.shtml?pgRef=c_pc_search_page%3Ac_pc_search_job_listcard%402_33976771%3A1%3A07056c21-43dd-4e4c-aebd-2c52c3ab5eaa&d_sfrom=search_prime&d_ckId=null&d_curPage=0&d_pageSize=40&d_headId=null&d_posi=36&skId=h80y2zgr0k54ia8l281jrxoplw127cua&fkId=h80y2zgr0k54ia8l281jrxoplw127cua&ckId=h80y2zgr0k54ia8l281jrxoplw127cua&sfrom=search_job_pc&curPage=0&pageSize=40&index=36,游戏界面ui设计师【广州】,【广州】,,"职责描述：
1、根据项目进行深入的美术分析和了解,能够迅速学习原产品美术风格的规范和要点；
2、负责UI、游戏交互设计；
3、配合主美制定游戏美术风格，制定模版和规范；



任职要求：
1、3年以上游戏UI相关经验，了解多类型游戏UI设计风格，有二次元风，平面风相关游戏风格设计经验； 交互设计经验丰富；                                                             
2、负责游戏美术视觉设计工作，制定游戏UI的制作规范和标准，把控产品UI风格；
3、能够独立完成界面，图标，外宣设计；                               
4、负责广告，图标的外包质量审核及把控外包进度，保持风格统一性和资源规范性；
5、设计相关专业，熟练掌握Photoshop等图像设计软件；                                                                       6、有深厚的美术功底，色彩感觉敏锐，想象力丰富，有独特的审美能力。


薪资福利：
1、薪酬范围12-22K，能力优异者薪资可谈；
2、入职购买五险一金；
3、氛围轻松福利优厚，午餐补贴，下午茶福利，节假日福利，生日会，全勤奖等。
PS：只要你够优秀，一切待遇可谈！！！"
https://www.liepin.com/job/1963439955.shtml?pgRef=c_pc_search_page%3Ac_pc_search_job_listcard%402_63439955%3A1%3A07056c21-43dd-4e4c-aebd-2c52c3ab5eaa&d_sfrom=search_prime&d_ckId=null&d_curPage=0&d_pageSize=40&d_headId=null&d_posi=37&skId=h80y2zgr0k54ia8l281jrxoplw127cua&fkId=h80y2zgr0k54ia8l281jrxoplw127cua&ckId=h80y2zgr0k54ia8l281jrxoplw127cua&sfrom=search_job_pc&curPage=0&pageSize=40&index=37,UI界面设计师【上海-闵行区】,【上海-闵行区】,,"硬性要求：熟练使用unity引擎。

岗位职责：
1.完成游戏产品的图形界面需求,根据产品策划与交互方案，深入了解产品\用户的特点，进行游戏产品的图形界面风格设计并执行实现；
2.负责游戏整体界面、游戏icon以及宣传图的设计制作，配合优化用户操作体验；
3.制定产品界面视觉风格，并参与执行、输出，确保按品质最终实现；
4.能与各职能部门紧密合作；共同优化设计方案、提高产品品质。

职位要求：

1.美术相关专业毕业。三年以上游戏美术从业经验，参与过完整游戏项目；
2.优秀的设计能力，具体产品思维；
3.熟悉Cocos/unity等各类资源对游戏的制作编辑，并对场景的最终输出效果负责。
4.熟练3Dmax、After Effects、Photoshop、等一些辅助软件
5.热爱游戏，对游戏市场有一定了解。"
https://www.liepin.com/job/1939945817.shtml?pgRef=c_pc_search_page%3Ac_pc_search_job_listcard%402_39945817%3A1%3A07056c21-43dd-4e4c-aebd-2c52c3ab5eaa&d_sfrom=search_prime&d_ckId=null&d_curPage=0&d_pageSize=40&d_headId=null&d_posi=38&skId=h80y2zgr0k54ia8l281jrxoplw127cua&fkId=h80y2zgr0k54ia8l281jrxoplw127cua&ckId=h80y2zgr0k54ia8l281jrxoplw127cua&sfrom=search_job_pc&curPage=0&pageSize=40&index=38,游戏界面ui设计师【深圳】,【深圳】,,"岗位职责：
1.根据产品的定位和业务需求，负责公司各项UI相关设计工作，能够从用户视觉、用户体验为出发点进行整体把控；
2.参与策划对医疗器械软件界面的功能分析和讨论，能独立完成界面视觉创意和风格设计； 
3.完成相关标志、图标、图素的静态与动态设计与绘制；
4.与策划及相关人员沟通，善于理解和调整方案，最终实现项目开发需求； 
招聘要求： 
1.设计/美术或艺术相关专业本科以上学历，2年以上UI设计相关工作经验，有医疗软件设计经验者优先；
2.有较强的手绘能力，能独立进行精绘界面中的设计图素和图标； 
3.具备从创意构思到设计执行的全流程能力； 
4.具备动效设计能力，熟练掌握Axure、PS、Ai、Sketch、MasterGo、Ae等设计工具等软件；
5.具备PC和WEB的动态原型制作能力，通过高质量原型进行用户测试；
6.有良好的沟通能力和团队合作精神； 
7.工作地点：郑州
8.必要时能够到外地短期出差。"
https://www.liepin.com/job/1961965755.shtml?pgRef=c_pc_search_page%3Ac_pc_search_job_listcard%402_61965755%3A1%3A07056c21-43dd-4e4c-aebd-2c52c3ab5eaa&d_sfrom=search_prime&d_ckId=null&d_curPage=0&d_pageSize=40&d_headId=null&d_posi=39&skId=h80y2zgr0k54ia8l281jrxoplw127cua&fkId=h80y2zgr0k54ia8l281jrxoplw127cua&ckId=h80y2zgr0k54ia8l281jrxoplw127cua&sfrom=search_job_pc&curPage=0&pageSize=40&index=39,游戏界面UI设计师【杭州-西湖区】,【杭州-西湖区】,,"岗位职责：

1.负责公司产品的交互和UI设计，参与风格探索、设计规范制定，方案落地和走查工作；

2.能够根据产品目标设计并提炼解决方案，不断打磨设计品质；

3.与产品经理、研发团队紧密合作，确保设计方案的实现和最终效果。

任职要求：

1.熟练使用PS、AE、Sketch设计软件，有手绘基础、良好的动效设计能力；

2.对互联网产品和设计潮流保持敏锐关注，有创新思维和学习力；

3.良好的逻辑思维和沟通能力、责任心强；

4.有医疗行业从业经验者优先。"
